Service,Stars,URL
Everything,61900,https://github.com/modelcontextprotocol/servers/blob/main/src/everything
Fetch,61900,https://github.com/modelcontextprotocol/servers/blob/main/src/fetch
Filesystem,61900,https://github.com/modelcontextprotocol/servers/blob/main/src/filesystem
Git,61900,https://github.com/modelcontextprotocol/servers/blob/main/src/git
Memory,61900,https://github.com/modelcontextprotocol/servers/blob/main/src/memory
Sequential Thinking,61900,https://github.com/modelcontextprotocol/servers/blob/main/src/sequentialthinking
Time,61900,https://github.com/modelcontextprotocol/servers/blob/main/src/time
GitHub,19500,https://github.com/github/github-mcp-server
MCP Toolbox for Databases,8100,https://github.com/googleapis/genai-toolbox
AWS,5000,https://github.com/awslabs/mcp
Firecrawl,4000,https://github.com/mendableai/firecrawl-mcp-server
21st.dev Magic,3200,https://github.com/21st-dev/magic-mcp
Cloudflare,2800,https://github.com/cloudflare/mcp-server-cloudflare
Browserbase,2300,https://github.com/browserbase/mcp-server-browserbase
Exa,2000,https://github.com/exa-labs/exa-mcp-server
Supabase,1900,https://github.com/supabase-community/supabase-mcp
Perplexity,1400,https://github.com/ppl-ai/modelcontextprotocol
Grafana,1300,https://github.com/grafana/mcp-grafana
Azure,1000,https://github.com/Azure/azure-mcp
Stripe,912,https://github.com/stripe/agent-toolkit
JetBrains,879,https://github.com/JetBrains/mcp-jetbrains
Terraform,767,https://github.com/hashicorp/terraform-mcp-server
Tavily,613,https://github.com/tavily-ai/tavily-mcp
Hyperbrowser,549,https://github.com/hyperbrowserai/mcp
CloudBase,538,https://github.com/TencentCloudBase/CloudBase-AI-ToolKit
ClickHouse,461,https://github.com/ClickHouse/mcp-clickhouse
Financial Datasets,443,https://github.com/financial-datasets/mcp-server
MongoDB,442,https://github.com/mongodb-js/mongodb-mcp-server
LINE,435,https://github.com/line/line-bot-mcp-server
Elasticsearch,371,https://github.com/elastic/mcp-server-elasticsearch
Graphlit,342,https://github.com/graphlit/graphlit-mcp-server
Semgrep,326,https://github.com/semgrep/mcp
Baidu Map,314,https://github.com/baidu-maps/mcp
E2B,299,https://github.com/e2b-dev/mcp-server
Google Cloud Run,288,https://github.com/GoogleCloudPlatform/cloud-run-mcp
Apify,279,https://github.com/apify/actors-mcp-server
MotherDuck,274,https://github.com/motherduckdb/mcp-server-motherduck
Chroma,254,https://github.com/chroma-core/chroma-mcp
Mapbox,231,https://github.com/mapbox/mcp-server
Burp Suite,218,https://github.com/PortSwigger/mcp-server
Razorpay,197,https://github.com/razorpay/razorpay-mcp-server
Armor Crypto MCP,187,https://github.com/armorwallet/armor-crypto-mcp
Milvus,161,https://github.com/zilliztech/mcp-server-milvus
Alpaca,159,https://github.com/alpacahq/alpaca-mcp-server
Apache Doris,148,https://github.com/apache/doris-mcp-server
Search1API,146,https://github.com/fatwang2/search1api-mcp
Comet Opik,142,https://github.com/comet-ml/opik-mcp
Kagi Search,139,https://github.com/kagisearch/kagimcp
Langfuse Prompt Management,121,https://github.com/langfuse/mcp-server-langfuse
Make,120,https://github.com/integromat/make-mcp-server
Meilisearch,115,https://github.com/meilisearch/meilisearch-mcp
Dynatrace,111,https://github.com/dynatrace-oss/dynatrace-mcp
AgentRPC,108,https://github.com/agentrpc/agentrpc
Dart,107,https://github.com/its-dart/dart-mcp-server
JFrog,105,https://github.com/jfrog/mcp-jfrog
Xero,105,https://github.com/XeroAPI/xero-mcp-server
StarRocks,96,https://github.com/StarRocks/mcp-server-starrocks
AgentQL,92,https://github.com/tinyfish-io/agentql-mcp
Logfire,92,https://github.com/pydantic/logfire-mcp
Chronulus AI,88,https://github.com/ChronulusAI/chronulus-mcp
Confluent,85,https://github.com/confluentinc/mcp-confluent
BrowserStack,81,https://github.com/browserstack/mcp-server
Roblox Studio,80,https://github.com/Roblox/studio-rust-mcp-server
Vantage,73,https://github.com/vantage-sh/vantage-mcp-server
Needle,70,https://github.com/needle-ai/needle-mcp
Tinybird,69,https://github.com/tinybirdco/mcp-tinybird
Auth0,68,https://github.com/auth0/auth0-mcp-server
Debugg.AI,68,https://github.com/debugg-ai/debugg-ai-mcp
PAIML MCP Agent Toolkit,68,https://github.com/paiml/paiml-mcp-agent-toolkit
Lara Translate,66,https://github.com/translated/lara-mcp
Alibaba Cloud OPS,63,https://github.com/aliyun/alibaba-cloud-ops-mcp-server
Nutrient,62,https://github.com/PSPDFKit/nutrient-dws-mcp-server
AlphaVantage,61,https://github.com/calvernaz/alphavantage
Webflow,61,https://github.com/webflow/mcp-server
CircleCI,58,https://github.com/CircleCI-Public/mcp-server-circleci
Octagon,57,https://github.com/OctagonAI/octagon-mcp-server
Pulumi,57,https://github.com/pulumi/mcp-server
Shortcut,57,https://github.com/useshortcut/mcp-server-shortcut
VictoriaMetrics,56,https://github.com/VictoriaMetrics-Community/mcp-victoriametrics
PlayCanvas,54,https://github.com/playcanvas/editor-mcp-server
Heroku,53,https://github.com/heroku/heroku-mcp-server
Axiom,52,https://github.com/axiomhq/mcp-server-axiom
SonarQube,52,https://github.com/SonarSource/sonarqube-mcp-server
Rember,48,https://github.com/rember/rember-mcp
Twilio,47,https://github.com/twilio-labs/mcp
Oxylabs,46,https://github.com/oxylabs/oxylabs-mcp
Glean,45,https://github.com/gleanwork/mcp-server
DataHub,44,https://github.com/acryldata/mcp-server-datahub
Metoro,43,https://github.com/metoro-io/metoro-mcp-server
Upstash,43,https://github.com/upstash/mcp-server
Optuna,42,https://github.com/optuna/optuna-mcp
Box,40,https://github.com/box-community/mcp-server-box
Last9,40,https://github.com/last9/last9-mcp-server
VeyraX,40,https://github.com/VeyraX/veyrax-mcp
Lisply,36,https://github.com/gornskew/lisply-mcp
Honeycomb,35,https://github.com/honeycombio/honeycomb-mcp
DeepL,34,https://github.com/DeepLcom/deepl-mcp-server
gotoHuman,34,https://github.com/gotohuman/gotohuman-mcp-server
MCP Discovery,33,https://github.com/rust-mcp-stack/mcp-discovery
OpenSearch,33,https://github.com/opensearch-project/opensearch-mcp-server-py
Unstructured,33,https://github.com/Unstructured-IO/UNS-MCP
Gitee,32,https://github.com/oschina/mcp-gitee
Pinecone Assistant,32,https://github.com/pinecone-io/assistant-mcp
Pure.md,32,https://github.com/puremd/puremd-mcp
Alibaba Cloud RDS,30,https://github.com/aliyun/alibabacloud-rds-openapi-mcp-server
Pinecone,29,https://github.com/pinecone-io/pinecone-mcp
Astra DB,28,https://github.com/datastax/astra-db-mcp
YepCode,28,https://github.com/yepcode/mcp-server-js
Mailgun,27,https://github.com/mailgun/mailgun-mcp-server
WayStation,27,https://github.com/waystation-ai/mcp
Apache IoTDB,26,https://github.com/apache/iotdb-mcp-server
ActionKit by Paragon,25,https://github.com/useparagon/paragon-mcp
Bitrise,25,https://github.com/bitrise-io/bitrise-mcp
CodeLogic,25,https://github.com/CodeLogicIncEngineering/codelogic-mcp-server
Microsoft Clarity,25,https://github.com/microsoft/clarity-mcp-server
OP.GG,25,https://github.com/opgginc/opgg-mcp
SingleStore,25,https://github.com/singlestore-labs/mcp-server-singlestore
Kuzu,24,https://github.com/kuzudb/kuzu-mcp-server
Paddle,24,https://github.com/PaddleHQ/paddle-mcp-server
Algolia,23,https://github.com/algolia/mcp
Fibery,23,https://github.com/Fibery-inc/fibery-mcp-server
Gyazo,23,https://github.com/nota/gyazo-mcp-server
Hologres,23,https://github.com/aliyun/alibabacloud-hologres-mcp-server
OceanBase,23,https://github.com/oceanbase/mcp-oceanbase
ZenML,23,https://github.com/zenml-io/mcp-zenml
Dumpling AI,22,https://github.com/Dumpling-AI/mcp-server-dumplingai
Alby Bitcoin Payments,21,https://github.com/getAlby/mcp
GreptimeDB,21,https://github.com/GreptimeTeam/greptimedb-mcp-server
TomTom-MCP,21,https://github.com/tomtom-international/tomtom-mcp
Trade Agent,21,https://github.com/Trade-Agent/trade-agent-mcp
YDB,21,https://github.com/ydb-platform/ydb-mcp
EduBase,20,https://github.com/EduBase/MCP
eSignatures,20,https://github.com/esignaturescom/mcp-server-esignatures
Recraft,20,https://github.com/recraft-ai/mcp-recraft-server
TiDB,20,https://github.com/pingcap/pytidb
WebScraping.AI,20,https://github.com/webscraping-ai/webscraping-ai-mcp-server
Alibaba Cloud DataWorks,19,https://github.com/aliyun/alibabacloud-dataworks-mcp-server
Buildkite,19,https://github.com/buildkite/buildkite-mcp-server
Fireproof,19,https://github.com/fireproof-storage/mcp-database-server
Inkeep,18,https://github.com/inkeep/mcp-server-python
TextIn,18,https://github.com/intsig-textin/textin-mcp
Twelve Data,18,https://github.com/twelvedata/mcp
Fewsats,17,https://github.com/Fewsats/fewsats-mcp
Plugged.in,17,https://github.com/VeriTeknik/pluggedin-mcp
Alibaba Cloud AnalyticDB for MySQL,16,https://github.com/aliyun/alibabacloud-adb-mysql-mcp-server
Atla,16,https://github.com/atla-ai/atla-mcp-server
Authenticator App Â· 2FA,16,https://github.com/firstorderai/authenticator_mcp
Couchbase,16,https://github.com/Couchbase-Ecosystem/mcp-server-couchbase
Nile,16,https://github.com/niledatabase/nile-mcp-server
Raygun,16,https://github.com/MindscapeHQ/mcp-server-raygun
DexPaprika (CoinPaprika),15,https://github.com/coinpaprika/dexpaprika-mcp
Audiense Insights,14,https://github.com/AudienseCo/mcp-audiense-insights
GitGuardian,14,https://github.com/GitGuardian/gg-mcp
Harper,14,https://github.com/HarperDB/mcp-server
Label Studio,14,https://github.com/HumanSignal/label-studio-mcp-server
Teradata,14,https://github.com/Teradata/teradata-mcp-server
VCAgents,14,https://github.com/OctagonAI/octagon-vc-agents
FalkorDB,13,https://github.com/FalkorDB/FalkorDB-MCPServer
Globalping,13,https://github.com/jsdelivr/globalping-mcp-server
Hyperbolic,13,https://github.com/HyperbolicLabs/hyperbolic-mcp
PagerDuty,13,https://github.com/PagerDuty/pagerduty-mcp-server
Patronus AI,13,https://github.com/patronus-ai/patronus-mcp-server
BuiltWith,12,https://github.com/builtwith/mcp
VariFlight,12,https://github.com/variflight/variflight-mcp
WaveSpeed,12,https://github.com/WaveSpeedAI/mcp-server
GibsonAI,11,https://github.com/GibsonAI/mcp
Nodit,11,https://github.com/noditlabs/nodit-mcp-server
Powerdrill,11,https://github.com/powerdrillai/powerdrill-mcp
PromptHouse,11,https://github.com/newtype-01/prompthouse-mcp
Riza,11,https://github.com/riza-io/riza-mcp
Apache Pinot,10,https://github.com/startreedata/mcp-pinot
KurrentDB,10,https://github.com/kurrent-io/mcp-server
Port IO,10,https://github.com/port-labs/port-mcp-server
Agentset,9,https://github.com/agentset-ai/mcp-server
Alation,9,https://github.com/Alation/alation-ai-agent-sdk
fetchSERP,9,https://github.com/fetchSERP/fetchserp-mcp-server-node
Firefly,9,https://github.com/gofireflyio/firefly-mcp
LaunchDarkly,9,https://github.com/launchdarkly/mcp-server
LinkedIn MCP Runner,9,https://github.com/ertiqah/linkedin-mcp-runner
Liveblocks,9,https://github.com/liveblocks/liveblocks-mcp-server
Put.io,9,https://github.com/putdotio/putio-mcp-server
Cashfree,8,https://github.com/cashfree/cashfree-mcp
Contrast Security,8,https://github.com/Contrast-Security-OSS/mcp-contrast
gNucleus Text-To-CAD,8,https://github.com/gNucleus/text-to-cad-mcp
ScrAPI,8,https://github.com/DevEnterpriseSoftware/scrapi-mcp
ThinQ Connect,8,https://github.com/thinq-connect/thinqconnect-mcp
ThoughtSpot,8,https://github.com/thoughtspot/mcp-server
VisionAgent MCP,8,https://github.com/landing-ai/vision-agent-mcp
Adfin,7,https://github.com/Adfin-Engineering/mcp-server-adfin
Aiven,7,https://github.com/Aiven-Open/mcp-aiven
Hunter,7,https://github.com/hunter-io/hunter-mcp
Neo4j GDS,7,https://github.com/neo4j-contrib/gds-agent
Norman Finance,7,https://github.com/norman-finance/norman-mcp-server
PubNub,7,https://github.com/pubnub/pubnub-mcp-server
Root Signals,7,https://github.com/root-signals/root-signals-mcp
Yunxin,7,https://github.com/netease-im/yunxin-mcp-server
Alibaba Cloud AnalyticDB for PostgreSQL,6,https://github.com/aliyun/alibabacloud-adbpg-mcp-server
BICScan,6,https://github.com/ahnlabio/bicscan-mcp
CB Insights,6,https://github.com/cbinsights/cbi-mcp-server
Conductor,6,https://github.com/conductor-oss/conductor-mcp
Lambda Capture,6,https://github.com/lambda-capture/mcp-server
APIMatic MCP,5,https://github.com/apimatic/apimatic-validator-mcp
Cloudera Iceberg,5,https://github.com/cloudera/iceberg-mcp-server
DevHub,5,https://github.com/devhub/devhub-cms-mcp
DevRev,5,https://github.com/devrev/mcp-server
IP2Location.io,5,https://github.com/ip2location/mcp-ip2location-io
Mailjet,5,https://github.com/mailgun/mailjet-mcp-server
Paper,5,https://github.com/paperinvest/mcp-server
Alibaba Cloud OpenSearch,4,https://github.com/aliyun/alibabacloud-opensearch-mcp-server
Cartesia,4,https://github.com/cartesia-ai/cartesia-mcp
GoLogin MCP server,4,https://github.com/gologinapp/gologin-mcp
KeywordsPeopleUse.com,4,https://github.com/data-skunks/kpu-mcp
KWDB,4,https://github.com/KWDB/kwdb-mcp-server
Litmus.io,4,https://github.com/litmusautomation/litmus-mcp-server
UnifAI,4,https://github.com/unifai-network/unifai-mcp-server
Asgardeo,3,https://github.com/asgardeo/asgardeo-mcp-server
BoldSign,3,https://github.com/boldsign/boldsign-mcp
Boost.space,3,https://github.com/boostspace/boostspace-mcp-server
Campertunity,3,https://github.com/campertunity/mcp-server
Cloudinary,3,https://github.com/cloudinary/mcp-servers
GROWI,3,https://github.com/growilabs/growi-mcp-server
ONLYOFFICE DocSpace,3,https://github.com/ONLYOFFICE/docspace-mcp
Pearl,3,https://github.com/Pearl-com/pearl_mcp_server
Reexpress,3,https://github.com/ReexpressAI/reexpress_mcp_server
Secureframe,3,https://github.com/secureframe/secureframe-mcp-server
Yeelight MCP Server,3,https://github.com/Yeelight/yeelight-iot-mcp
YugabyteDB,3,https://github.com/yugabyte/yugabytedb-mcp-server
Antom,2,https://github.com/alipay/global-antom-mcp
CTERA Portal,2,https://github.com/ctera/mcp-ctera-core
Momento,2,https://github.com/momentohq/mcp-momento
NanoVMs,2,https://github.com/nanovms/ops-mcp
OctoEverywhere,2,https://github.com/OctoEverywhere/mcp
Revit,2,https://github.com/NonicaTeam/AI-Connector-for-Revit
Rodin,2,https://github.com/DeemosTech/rodin-api-mcp
Verodat,2,https://github.com/Verodat/verodat-mcp-server
Winston AI,2,https://github.com/gowinston-ai/winston-ai-mcp-server
Buildable,1,https://github.com/chunkydotdev/bldbl-mcp
Cheqd,1,https://github.com/cheqd/mcp-toolkit
CRIC Wuye AI,1,https://github.com/wuye-ai/mcp-server-wuye-ai
CTERA Edge Filer,1,https://github.com/ctera/mcp-ctera-edge
Hiveflow,1,https://github.com/hiveflowai/hiveflow-mcp-server
Routine,1,https://github.com/routineco/mcp-server
Tako,1,https://github.com/TakoData/tako-mcp
Token Metrics,1,https://github.com/token-metrics/mcp
Verbwire,1,https://github.com/verbwire/verbwire-mcp-server
ZIZAI Recruitment,1,https://github.com/zaiwork/mcp
AlipayPlus,0,https://github.com/alipay/global-alipayplus-mcp
AllVoiceLab,0,https://www.allvoicelab.com/mcp
Apollo MCP Server,0,https://github.com/apollographql/apollo-mcp-server/
Aqara MCP Server,0,https://github.com/aqara/aqara-mcp-server/
Archbee,0,https://www.npmjs.com/package/@archbee/mcp
Arize Phoenix,0,https://github.com/Arize-ai/phoenix/tree/main/js/packages/phoenix-mcp
Atlan,0,https://github.com/atlanhq/agent-toolkit/tree/main/modelcontextprotocol
Atlassian,0,https://www.atlassian.com/platform/remote-mcp-server
AtomGit,0,https://atomgit.com/atomgit-open-source-ecosystem/atomgit-mcp-server
Bankless Onchain,0,https://github.com/bankless/onchain-mcp
BrightData,0,https://github.com/luminati-io/brightdata-mcp
Bucket,0,https://github.com/bucketco/bucket-javascript-sdk/tree/main/packages/cli#model-context-protocol
Canva,0,https://www.canva.dev/docs/apps/mcp-server/
Chargebee,0,https://github.com/chargebee/agentkit/tree/main/modelcontextprotocol
Chiki StudIO,0,https://chiki.studio/galimybes/mcp/
CloudBees,0,https://docs.cloudbees.com/docs/cloudbees-mcp/latest/
Codacy,0,https://github.com/codacy/codacy-mcp-server/
CoinGecko,0,https://github.com/coingecko/coingecko-typescript/tree/main/packages/mcp-server
Convex,0,https://stack.convex.dev/convex-mcp-server
Cycode,0,https://github.com/cycodehq/cycode-cli#mcp-command-experiment
Daytona,0,https://github.com/daytonaio/daytona/tree/main/apps/cli/mcp
Defang,0,https://github.com/DefangLabs/defang/blob/main/src/pkg/mcp/README.md
Detailer,0,https://detailer.ginylil.com/
Drata,0,https://drata.com/mcp
Edgee,0,https://github.com/edgee-cloud/mcp-server-edgee
Endor Labs,0,https://docs.endorlabs.com/deployment/ide/mcp/
Firebase,0,https://github.com/firebase/firebase-tools/blob/master/src/mcp
FIXParser,0,https://gitlab.com/logotype/fixparser/-/tree/main/packages/fixparser-plugin-mcp
Fluid Attacks,0,https://github.com/fluidattacks/mcp
ForeverVM,0,https://github.com/jamsocket/forevervm/tree/main/javascript/mcp-server
Gitea,0,https://gitea.com/gitea/gitea-mcp
Grafbase,0,https://github.com/grafbase/grafbase/tree/main/crates/mcp
Grain,0,https://grain.com/release-note/06-18-2025
Homebrew,0,https://docs.brew.sh/MCP-Server
HubSpot,0,https://developer.hubspot.com/mcp
Hugging Face,0,https://huggingface.co/settings/mcp
IBM wxflows,0,https://github.com/IBM/wxflows/tree/main/examples/mcp/javascript
Inbox Zero,0,https://github.com/elie222/inbox-zero/tree/main/apps/mcp-server
Inflectra Spira,0,https://github.com/Inflectra/mcp-server-spira
Integration App,0,https://github.com/integration-app/mcp-server
Keboola,0,https://github.com/keboola/keboola-mcp-server
Klavis ReportGen,0,https://github.com/Klavis-AI/klavis/tree/main/mcp_servers/report_generation
Klaviyo,0,https://developers.klaviyo.com/en/docs/klaviyo_mcp_server
kluster.ai,0,https://docs.kluster.ai/get-started/mcp/overview/
Knit MCP Server,0,https://developers.getknit.dev/docs/knit-mcp-server-getting-started
Knock MCP Server,0,https://github.com/knocklabs/agent-toolkit#model-context-protocol-mcp
Linear,0,https://linear.app/docs/mcp
Lingo.dev,0,https://github.com/lingodotdev/lingo.dev/blob/main/mcp.md
Magic Meal Kits,0,https://github.com/pureugong/mmk-mcp
MariaDB,0,https://github.com/mariadb/mcp
Memgraph,0,https://github.com/memgraph/ai-toolkit/tree/main/integrations/mcp-memgraph
Mercado Libre,0,https://mcp.mercadolibre.com/
Mercado Pago,0,https://mcp.mercadopago.com/
Microsoft Dataverse,0,https://go.microsoft.com/fwlink/?linkid=2320176
Microsoft Learn Docs,0,https://github.com/microsoftdocs/mcp
Mobb,0,https://github.com/mobb-dev/bugsy?tab=readme-ov-file#model-context-protocol-mcp-server
Mulesoft,0,https://www.npmjs.com/package/@mulesoft/mcp-server
Neo4j,0,https://github.com/neo4j-contrib/mcp-neo4j/
Neon,0,https://github.com/neondatabase/mcp-server-neon
Nerve,0,https://github.com/nerve-hq/nerve-mcp-server
Netdata,0,https://github.com/netdata/netdata/blob/master/src/web/mcp/README.md
Netlify,0,https://docs.netlify.com/welcome/build-with-ai/netlify-mcp-server/
Notion,0,https://github.com/makenotion/notion-mcp-server#readme
Nx,0,https://github.com/nrwl/nx-console/blob/master/apps/nx-mcp
Offorte,0,https://github.com/offorte/offorte-mcp-server#readme
OlaMaps,0,https://pypi.org/project/ola-maps-mcp-server
OpenMetadata,0,https://open-metadata.org/mcp
OpsLevel,0,https://github.com/opslevel/opslevel-mcp
Orshot,0,https://github.com/rishimohan/orshot-mcp-server
PaddleOCR,0,https://paddlepaddle.github.io/PaddleOCR/latest/en/version3.x/deployment/mcp_server.html
Pagos,0,https://github.com/pagos-ai/pagos-mcp
PayPal,0,https://mcp.paypal.com
Pipedream,0,https://github.com/PipedreamHQ/pipedream/tree/master/modelcontextprotocol
PostHog,0,https://github.com/posthog/mcp
Postman API,0,https://github.com/postmanlabs/postman-api-mcp
Prisma,0,https://www.prisma.io/docs/postgres/mcp-server
Probe.dev,0,https://docs.probe.dev/guides/mcp-integration
proxymock,0,https://docs.speedscale.com/proxymock/reference/mcp/
Qdrant,0,https://github.com/qdrant/mcp-server-qdrant/
Qorus,0,https://qoretechnologies.com/manual/qorus/current/qorus/sysarch.html#mcp_server
Quickchat AI,0,https://github.com/incentivai/quickchat-ai-mcp
Ragie,0,https://github.com/ragieai/ragie-mcp-server/
Ramp,0,https://github.com/ramp-public/ramp-mcp
Redis,0,https://github.com/redis/mcp-redis/
Redis Cloud API,0,https://github.com/redis/mcp-redis-cloud/
Rill Data,0,https://docs.rilldata.com/explore/mcp
SafeDep,0,https://github.com/safedep/vet/blob/main/docs/mcp.md
SafeLine,0,https://github.com/chaitin/SafeLine/tree/main/mcp_server
ScreenshotMCP,0,https://github.com/upnorthmedia/ScreenshotMCP/
ScreenshotOne,0,https://github.com/screenshotone/mcp/
Smooth Operator,0,https://smooth-operator.online/agent-tools-api-docs/toolserverdocs
Snyk,0,https://github.com/snyk/snyk-ls/blob/main/mcp_extension/README.md
Sophtron,0,https://github.com/sophtron/Sophtron-Integration/tree/main/modelcontextprotocol
StackHawk,0,https://github.com/stackhawk/stackhawk-mcp
Steadybit,0,https://github.com/steadybit/mcp
Sunra AI,0,https://github.com/sunra-ai/sunra-clients/tree/main/mcp-server
Supadata,0,https://github.com/supadata-ai/mcp
Thena,0,https://mcp.thena.ai
Thirdweb,0,https://github.com/thirdweb-dev/ai/tree/main/python/thirdweb-mcp
Tianji,0,https://github.com/msgbyte/tianji/tree/master/apps/mcp-server
Tldv,0,https://gitlab.com/tldv/tldv-mcp-server
Uberall,0,https://github.com/uberall/uberall-mcp-server
Vectorize,0,https://github.com/vectorize-io/vectorize-mcp-server/
VideoDB Director,0,https://github.com/video-db/agent-toolkit/tree/main/modelcontextprotocol
Vizro,0,https://github.com/mckinsey/vizro/tree/main/vizro-mcp
Zapier,0,https://zapier.com/mcp
